CountryName,CountryCode,Year,ATE
Albania,ALB,2010,100.0
American Samoa,ASM,2010,92.16536108318128
Andorra,AND,2010,100.0
Armenia,ARM,2010,99.8000030517578
Australia,AUS,2010,100.0
Austria,AUT,2010,100.0
Azerbaijan,AZE,2010,99.9437942504883
Belarus,BLR,2010,100.0
Belgium,BEL,2010,100.0
Bosnia and Herzegovina,BIH,2010,100.0
Brunei Darussalam,BRN,2010,100.0
Bulgaria,BGR,2010,100.0
Cambodia,KHM,2010,31.1000003814697
Channel Islands,CHI,2010,100.0
China,CHN,2010,99.6999969482422
Croatia,HRV,2010,100.0
Cyprus,CYP,2010,100.0
Czechia,CZE,2010,100.0
Denmark,DNK,2010,100.0
Estonia,EST,2010,100.0
Faroe Islands,FRO,2010,100.0
Fiji,FJI,2010,89.2485809326172
Finland,FIN,2010,100.0
France,FRA,2010,100.0
French Polynesia,PYF,2010,100.0
Georgia,GEO,2010,100.0
Germany,DEU,2010,100.0
Gibraltar,GIB,2010,100.0
Greece,GRC,2010,100.0
Greenland,GRL,2010,100.0
Guam,GUM,2010,100.0
"Hong Kong SAR, China",HKG,2010,100.0
Hungary,HUN,2010,100.0
Iceland,ISL,2010,100.0
Indonesia,IDN,2010,94.1500015258789
Ireland,IRL,2010,100.0
Isle of Man,IMN,2010,100.0
Italy,ITA,2010,100.0
Japan,JPN,2010,100.0
Kazakhstan,KAZ,2010,100.0
Kiribati,KIR,2010,63.1677360534668
"Korea, Dem. People's Rep.",PRK,2010,29.2511825561523
"Korea, Rep.",KOR,2010,100.0
Kosovo,XKX,2010,99.0
Kyrgyz Republic,KGZ,2010,99.0
Lao PDR,LAO,2010,70.1499404907227
Latvia,LVA,2010,100.0
Liechtenstein,LIE,2010,100.0
Lithuania,LTU,2010,100.0
Luxembourg,LUX,2010,100.0
"Macao SAR, China",MAC,2010,100.0
Malaysia,MYS,2010,99.3740539550781
Marshall Islands,MHL,2010,89.23388671875
"Micronesia, Fed. Sts.",FSM,2010,64.5315170288086
Moldova,MDA,2010,100.0
Monaco,MCO,2010,100.0
Mongolia,MNG,2010,78.502082824707
Montenegro,MNE,2010,100.0
Myanmar,MMR,2010,48.7999992370605
Nauru,NRU,2010,99.1706314086914
Netherlands,NLD,2010,100.0
New Caledonia,NCL,2010,100.0
New Zealand,NZL,2010,100.0
North Macedonia,MKD,2010,100.0
Northern Mariana Islands,MNP,2010,100.0
Norway,NOR,2010,100.0
Palau,PLW,2010,98.7126159667969
Papua New Guinea,PNG,2010,19.5
Philippines,PHL,2010,85.3976440429688
Poland,POL,2010,100.0
Portugal,PRT,2010,100.0
Romania,ROU,2010,100.0
Russian Federation,RUS,2010,100.0
Samoa,WSM,2010,96.3610534667969
San Marino,SMR,2010,100.0
Serbia,SRB,2010,99.7183990478516
Singapore,SGP,2010,100.0
Slovak Republic,SVK,2010,100.0
Slovenia,SVN,2010,100.0
Solomon Islands,SLB,2010,34.7748069763184
Spain,ESP,2010,100.0
Sweden,SWE,2010,100.0
Switzerland,CHE,2010,100.0
Tajikistan,TJK,2010,98.671501159668
Thailand,THA,2010,99.6999969482422
Timor-Leste,TLS,2010,38.0
Tonga,TON,2010,92.6767196655273
Turkiye,TUR,2010,100.0
Turkmenistan,TKM,2010,100.0
Tuvalu,TUV,2010,96.6302719116211
Ukraine,UKR,2010,100.0
United Kingdom,GBR,2010,100.0
Uzbekistan,UZB,2010,99.9128875732422
Vanuatu,VUT,2010,44.0999984741211
Vietnam,VNM,2010,97.4300003051758
Albania,ALB,2011,100.0
American Samoa,ASM,2011,91.82511016444155
Andorra,AND,2011,100.0
Armenia,ARM,2011,99.6057968139648
Australia,AUS,2011,100.0
Austria,AUT,2011,100.0
Azerbaijan,AZE,2011,99.9000015258789
Belarus,BLR,2011,100.0
Belgium,BEL,2011,100.0
Bosnia and Herzegovina,BIH,2011,99.7057800292969
Brunei Darussalam,BRN,2011,100.0
Bulgaria,BGR,2011,100.0
Cambodia,KHM,2011,50.3072624206543
Channel Islands,CHI,2011,100.0
China,CHN,2011,99.8487243652344
Croatia,HRV,2011,100.0
Cyprus,CYP,2011,100.0
Czechia,CZE,2011,100.0
Denmark,DNK,2011,100.0
Estonia,EST,2011,100.0
Faroe Islands,FRO,2011,100.0
Fiji,FJI,2011,90.146125793457
Finland,FIN,2011,100.0
France,FRA,2011,100.0
French Polynesia,PYF,2011,100.0
Georgia,GEO,2011,100.0
Germany,DEU,2011,100.0
Gibraltar,GIB,2011,100.0
Greece,GRC,2011,100.0
Greenland,GRL,2011,100.0
Guam,GUM,2011,100.0
"Hong Kong SAR, China",HKG,2011,100.0
Hungary,HUN,2011,100.0
Iceland,ISL,2011,100.0
Indonesia,IDN,2011,94.8300018310547
Ireland,IRL,2011,100.0
Isle of Man,IMN,2011,100.0
Italy,ITA,2011,100.0
Japan,JPN,2011,100.0
Kazakhstan,KAZ,2011,99.7974700927734
Kiribati,KIR,2011,74.8437347412109
"Korea, Dem. People's Rep.",PRK,2011,31.4920024871826
"Korea, Rep.",KOR,2011,100.0
Kosovo,XKX,2011,91.82511016444155
Kyrgyz Republic,KGZ,2011,98.3199996948242
Lao PDR,LAO,2011,70.0
Latvia,LVA,2011,100.0
Liechtenstein,LIE,2011,100.0
Lithuania,LTU,2011,100.0
Luxembourg,LUX,2011,100.0
"Macao SAR, China",MAC,2011,100.0
Malaysia,MYS,2011,99.4654693603516
Marshall Islands,MHL,2011,89.9196090698242
"Micronesia, Fed. Sts.",FSM,2011,66.5939865112305
Moldova,MDA,2011,100.0
Monaco,MCO,2011,100.0
Mongolia,MNG,2011,72.0570755004883
Montenegro,MNE,2011,99.0
Myanmar,MMR,2011,54.0064277648926
Nauru,NRU,2011,99.0
Netherlands,NLD,2011,100.0
New Caledonia,NCL,2011,100.0
New Zealand,NZL,2011,100.0
North Macedonia,MKD,2011,99.7261657714844
Northern Mariana Islands,MNP,2011,100.0
Norway,NOR,2011,100.0
Palau,PLW,2011,98.807502746582
Papua New Guinea,PNG,2011,32.9173202514648
Philippines,PHL,2011,87.1999969482422
Poland,POL,2011,100.0
Portugal,PRT,2011,100.0
Romania,ROU,2011,100.0
Russian Federation,RUS,2011,100.0
Samoa,WSM,2011,96.668571472168
San Marino,SMR,2011,100.0
Serbia,SRB,2011,100.0
Singapore,SGP,2011,100.0
Slovak Republic,SVK,2011,100.0
Slovenia,SVN,2011,100.0
Solomon Islands,SLB,2011,38.6799926757813
Spain,ESP,2011,100.0
Sweden,SWE,2011,100.0
Switzerland,CHE,2011,100.0
Tajikistan,TJK,2011,98.7168579101563
Thailand,THA,2011,99.3518371582031
Timor-Leste,TLS,2011,52.6573677062988
Tonga,TON,2011,92.1754531860352
Turkiye,TUR,2011,100.0
Turkmenistan,TKM,2011,99.8774108886719
Tuvalu,TUV,2011,96.8707504272461
Ukraine,UKR,2011,100.0
United Kingdom,GBR,2011,100.0
Uzbekistan,UZB,2011,99.9614410400391
Vanuatu,VUT,2011,41.9353294372559
Vietnam,VNM,2011,99.0
Albania,ALB,2012,99.9000015258789
American Samoa,ASM,2012,93.36750255383943
Andorra,AND,2012,100.0
Armenia,ARM,2012,99.6289672851563
Australia,AUS,2012,100.0
Austria,AUT,2012,100.0
Azerbaijan,AZE,2012,100.0
Belarus,BLR,2012,100.0
Belgium,BEL,2012,100.0
Bosnia and Herzegovina,BIH,2012,100.0
Brunei Darussalam,BRN,2012,100.0
Bulgaria,BGR,2012,100.0
Cambodia,KHM,2012,53.9305648803711
Channel Islands,CHI,2012,100.0
China,CHN,2012,99.9619293212891
Croatia,HRV,2012,100.0
Cyprus,CYP,2012,100.0
Czechia,CZE,2012,100.0
Denmark,DNK,2012,100.0
Estonia,EST,2012,100.0
Faroe Islands,FRO,2012,100.0
Fiji,FJI,2012,91.0708312988281
Finland,FIN,2012,100.0
France,FRA,2012,100.0
French Polynesia,PYF,2012,100.0
Georgia,GEO,2012,100.0
Germany,DEU,2012,100.0
Gibraltar,GIB,2012,100.0
Greece,GRC,2012,100.0
Greenland,GRL,2012,100.0
Guam,GUM,2012,100.0
"Hong Kong SAR, China",HKG,2012,100.0
Hungary,HUN,2012,100.0
Iceland,ISL,2012,100.0
Indonesia,IDN,2012,96.0
Ireland,IRL,2012,100.0
Isle of Man,IMN,2012,100.0
Italy,ITA,2012,100.0
Japan,JPN,2012,100.0
Kazakhstan,KAZ,2012,100.0
Kiribati,KIR,2012,76.6912612915039
"Korea, Dem. People's Rep.",PRK,2012,33.7508888244629
"Korea, Rep.",KOR,2012,100.0
Kosovo,XKX,2012,99.75
Kyrgyz Republic,KGZ,2012,99.8000030517578
Lao PDR,LAO,2012,76.3666305541992
Latvia,LVA,2012,100.0
Liechtenstein,LIE,2012,100.0
Lithuania,LTU,2012,100.0
Luxembourg,LUX,2012,100.0
"Macao SAR, China",MAC,2012,100.0
Malaysia,MYS,2012,99.8000030517578
Marshall Islands,MHL,2012,90.5608062744141
"Micronesia, Fed. Sts.",FSM,2012,68.4323654174805
Moldova,MDA,2012,100.0
Monaco,MCO,2012,100.0
Mongolia,MNG,2012,84.4836120605469
Montenegro,MNE,2012,100.0
Myanmar,MMR,2012,55.1679344177246
Nauru,NRU,2012,99.2164459228516
Netherlands,NLD,2012,100.0
New Caledonia,NCL,2012,100.0
New Zealand,NZL,2012,100.0
North Macedonia,MKD,2012,100.0
Northern Mariana Islands,MNP,2012,100.0
Norway,NOR,2012,100.0
Palau,PLW,2012,97.6304244995117
Papua New Guinea,PNG,2012,35.2758865356445
Philippines,PHL,2012,87.0800018310547
Poland,POL,2012,100.0
Portugal,PRT,2012,100.0
Romania,ROU,2012,100.0
Russian Federation,RUS,2012,100.0
Samoa,WSM,2012,96.8269348144531
San Marino,SMR,2012,100.0
Serbia,SRB,2012,100.0
Singapore,SGP,2012,100.0
Slovak Republic,SVK,2012,100.0
Slovenia,SVN,2012,100.0
Solomon Islands,SLB,2012,42.5742111206055
Spain,ESP,2012,100.0
Sweden,SWE,2012,100.0
Switzerland,CHE,2012,100.0
Tajikistan,TJK,2012,99.0999984741211
Thailand,THA,2012,99.1086273193359
Timor-Leste,TLS,2012,55.8999557495117
Tonga,TON,2012,92.8000030517578
Turkiye,TUR,2012,100.0
Turkmenistan,TKM,2012,99.8958358764648
Tuvalu,TUV,2012,97.6717758178711
Ukraine,UKR,2012,99.8674926757813
United Kingdom,GBR,2012,100.0
Uzbekistan,UZB,2012,99.9898223876953
Vanuatu,VUT,2012,43.7895278930664
Vietnam,VNM,2012,97.8899993896484
Albania,ALB,2013,100.0
American Samoa,ASM,2013,93.49217613621762
Andorra,AND,2013,100.0
Armenia,ARM,2013,99.4199981689453
Australia,AUS,2013,100.0
Austria,AUT,2013,100.0
Azerbaijan,AZE,2013,100.0
Belarus,BLR,2013,100.0
Belgium,BEL,2013,100.0
Bosnia and Herzegovina,BIH,2013,99.5
Brunei Darussalam,BRN,2013,100.0
Bulgaria,BGR,2013,100.0
Cambodia,KHM,2013,57.5736961364746
Channel Islands,CHI,2013,100.0
China,CHN,2013,99.9964447021484
Croatia,HRV,2013,100.0
Cyprus,CYP,2013,100.0
Czechia,CZE,2013,100.0
Denmark,DNK,2013,100.0
Estonia,EST,2013,100.0
Faroe Islands,FRO,2013,100.0
Fiji,FJI,2013,91.75
Finland,FIN,2013,100.0
France,FRA,2013,100.0
French Polynesia,PYF,2013,100.0
Georgia,GEO,2013,100.0
Germany,DEU,2013,100.0
Gibraltar,GIB,2013,100.0
Greece,GRC,2013,100.0
Greenland,GRL,2013,100.0
Guam,GUM,2013,100.0
"Hong Kong SAR, China",HKG,2013,100.0
Hungary,HUN,2013,100.0
Iceland,ISL,2013,100.0
Indonesia,IDN,2013,96.4642562866211
Ireland,IRL,2013,100.0
Isle of Man,IMN,2013,100.0
Italy,ITA,2013,100.0
Japan,JPN,2013,100.0
Kazakhstan,KAZ,2013,100.0
Kiribati,KIR,2013,78.9310607910156
"Korea, Dem. People's Rep.",PRK,2013,36.0296058654785
"Korea, Rep.",KOR,2013,100.0
Kosovo,XKX,2013,99.75
Kyrgyz Republic,KGZ,2013,98.9300003051758
Lao PDR,LAO,2013,79.5762557983398
Latvia,LVA,2013,100.0
Liechtenstein,LIE,2013,100.0
Lithuania,LTU,2013,100.0
Luxembourg,LUX,2013,100.0
"Macao SAR, China",MAC,2013,100.0
Malaysia,MYS,2013,99.6044464111328
Marshall Islands,MHL,2013,91.1968536376953
"Micronesia, Fed. Sts.",FSM,2013,70.2488174438477
Moldova,MDA,2013,100.0
Monaco,MCO,2013,100.0
Mongolia,MNG,2013,81.1999969482422
Montenegro,MNE,2013,99.6999969482422
Myanmar,MMR,2013,56.3492736816406
Nauru,NRU,2013,99.2682113647461
Netherlands,NLD,2013,100.0
New Caledonia,NCL,2013,100.0
New Zealand,NZL,2013,100.0
North Macedonia,MKD,2013,100.0
Northern Mariana Islands,MNP,2013,100.0
Norway,NOR,2013,100.0
Palau,PLW,2013,99.0532302856445
Papua New Guinea,PNG,2013,37.6542854309082
Philippines,PHL,2013,87.5
Poland,POL,2013,100.0
Portugal,PRT,2013,100.0
Romania,ROU,2013,100.0
Russian Federation,RUS,2013,100.0
Samoa,WSM,2013,97.4165344238281
San Marino,SMR,2013,100.0
Serbia,SRB,2013,99.9199981689453
Singapore,SGP,2013,100.0
Slovak Republic,SVK,2013,100.0
Slovenia,SVN,2013,100.0
Solomon Islands,SLB,2013,44.7000007629395
Spain,ESP,2013,100.0
Sweden,SWE,2013,100.0
Switzerland,CHE,2013,100.0
Tajikistan,TJK,2013,98.8635482788086
Thailand,THA,2013,99.4405746459961
Timor-Leste,TLS,2013,59.1623764038086
Tonga,TON,2013,94.9836654663086
Turkiye,TUR,2013,100.0
Turkmenistan,TKM,2013,99.9120941162109
Tuvalu,TUV,2013,97.4076766967773
Ukraine,UKR,2013,100.0
United Kingdom,GBR,2013,100.0
Uzbekistan,UZB,2013,99.9988708496094
Vanuatu,VUT,2013,31.7000007629395
Vietnam,VNM,2013,98.5549621582031
Albania,ALB,2014,99.9499969482422
American Samoa,ASM,2014,94.00627794767681
Andorra,AND,2014,100.0
Armenia,ARM,2014,99.7099990844727
Australia,AUS,2014,100.0
Austria,AUT,2014,100.0
Azerbaijan,AZE,2014,100.0
Belarus,BLR,2014,100.0
Belgium,BEL,2014,100.0
Bosnia and Herzegovina,BIH,2014,100.0
Brunei Darussalam,BRN,2014,100.0
Bulgaria,BGR,2014,100.0
Cambodia,KHM,2014,56.0999984741211
Channel Islands,CHI,2014,100.0
China,CHN,2014,100.0
Croatia,HRV,2014,100.0
Cyprus,CYP,2014,100.0
Czechia,CZE,2014,100.0
Denmark,DNK,2014,100.0
Estonia,EST,2014,100.0
Faroe Islands,FRO,2014,100.0
Fiji,FJI,2014,93.7866058349609
Finland,FIN,2014,100.0
France,FRA,2014,100.0
French Polynesia,PYF,2014,100.0
Georgia,GEO,2014,100.0
Germany,DEU,2014,100.0
Gibraltar,GIB,2014,100.0
Greece,GRC,2014,100.0
Greenland,GRL,2014,100.0
Guam,GUM,2014,100.0
"Hong Kong SAR, China",HKG,2014,100.0
Hungary,HUN,2014,100.0
Iceland,ISL,2014,100.0
Indonesia,IDN,2014,97.0100021362305
Ireland,IRL,2014,100.0
Isle of Man,IMN,2014,100.0
Italy,ITA,2014,100.0
Japan,JPN,2014,100.0
Kazakhstan,KAZ,2014,100.0
Kiribati,KIR,2014,83.4539489746094
"Korea, Dem. People's Rep.",PRK,2014,38.3261299133301
"Korea, Rep.",KOR,2014,100.0
Kosovo,XKX,2014,99.6800003051758
Kyrgyz Republic,KGZ,2014,99.8000030517578
Lao PDR,LAO,2014,83.1340408325195
Latvia,LVA,2014,100.0
Liechtenstein,LIE,2014,100.0
Lithuania,LTU,2014,100.0
Luxembourg,LUX,2014,100.0
"Macao SAR, China",MAC,2014,100.0
Malaysia,MYS,2014,99.6509399414063
Marshall Islands,MHL,2014,91.8208770751953
"Micronesia, Fed. Sts.",FSM,2014,72.0532455444336
Moldova,MDA,2014,100.0
Monaco,MCO,2014,100.0
Mongolia,MNG,2014,87.0788269042969
Montenegro,MNE,2014,97.6999969482422
Myanmar,MMR,2014,52.0
Nauru,NRU,2014,99.3377914428711
Netherlands,NLD,2014,100.0
New Caledonia,NCL,2014,100.0
New Zealand,NZL,2014,100.0
North Macedonia,MKD,2014,100.0
Northern Mariana Islands,MNP,2014,100.0
Norway,NOR,2014,100.0
Palau,PLW,2014,99.810302734375
Papua New Guinea,PNG,2014,40.0504913330078
Philippines,PHL,2014,89.7203674316406
Poland,POL,2014,100.0
Portugal,PRT,2014,100.0
Romania,ROU,2014,100.0
Russian Federation,RUS,2014,100.0
Samoa,WSM,2014,97.9000015258789
San Marino,SMR,2014,100.0
Serbia,SRB,2014,99.6607971191406
Singapore,SGP,2014,100.0
Slovak Republic,SVK,2014,100.0
Slovenia,SVN,2014,100.0
Solomon Islands,SLB,2014,50.3067588806152
Spain,ESP,2014,100.0
Sweden,SWE,2014,100.0
Switzerland,CHE,2014,100.0
Tajikistan,TJK,2014,98.9646224975586
Thailand,THA,2014,99.4619445800781
Timor-Leste,TLS,2014,62.4426078796387
Tonga,TON,2014,95.7897033691406
Turkiye,TUR,2014,100.0
Turkmenistan,TKM,2014,99.9351043701172
Tuvalu,TUV,2014,97.703857421875
Ukraine,UKR,2014,100.0
United Kingdom,GBR,2014,100.0
Uzbekistan,UZB,2014,100.0
Vanuatu,VUT,2014,49.057445526123
Vietnam,VNM,2014,99.1999969482422
Albania,ALB,2015,99.9800033569336
American Samoa,ASM,2015,94.5968779714484
Andorra,AND,2015,100.0
Armenia,ARM,2015,100.0
Australia,AUS,2015,100.0
Austria,AUT,2015,100.0
Azerbaijan,AZE,2015,100.0
Belarus,BLR,2015,100.0
Belgium,BEL,2015,100.0
Bosnia and Herzegovina,BIH,2015,99.6999969482422
Brunei Darussalam,BRN,2015,100.0
Bulgaria,BGR,2015,100.0
Cambodia,KHM,2015,64.9104232788086
Channel Islands,CHI,2015,100.0
China,CHN,2015,100.0
Croatia,HRV,2015,100.0
Cyprus,CYP,2015,100.0
Czechia,CZE,2015,100.0
Denmark,DNK,2015,100.0
Estonia,EST,2015,100.0
Faroe Islands,FRO,2015,100.0
Fiji,FJI,2015,95.1682434082031
Finland,FIN,2015,100.0
France,FRA,2015,100.0
French Polynesia,PYF,2015,100.0
Georgia,GEO,2015,100.0
Germany,DEU,2015,100.0
Gibraltar,GIB,2015,100.0
Greece,GRC,2015,100.0
Greenland,GRL,2015,100.0
Guam,GUM,2015,100.0
"Hong Kong SAR, China",HKG,2015,100.0
Hungary,HUN,2015,100.0
Iceland,ISL,2015,100.0
Indonesia,IDN,2015,97.5373687744141
Ireland,IRL,2015,100.0
Isle of Man,IMN,2015,100.0
Italy,ITA,2015,100.0
Japan,JPN,2015,100.0
Kazakhstan,KAZ,2015,100.0
Kiribati,KIR,2015,90.5581817626953
"Korea, Dem. People's Rep.",PRK,2015,40.6374969482422
"Korea, Rep.",KOR,2015,100.0
Kosovo,XKX,2015,99.8600006103516
Kyrgyz Republic,KGZ,2015,98.6900024414063
Lao PDR,LAO,2015,89.6999969482422
Latvia,LVA,2015,100.0
Liechtenstein,LIE,2015,100.0
Lithuania,LTU,2015,100.0
Luxembourg,LUX,2015,100.0
"Macao SAR, China",MAC,2015,100.0
Malaysia,MYS,2015,99.7788162231445
Marshall Islands,MHL,2015,92.5262756347656
"Micronesia, Fed. Sts.",FSM,2015,73.9390563964844
Moldova,MDA,2015,100.0
Monaco,MCO,2015,100.0
Mongolia,MNG,2015,88.4001770019531
Montenegro,MNE,2015,100.0
Myanmar,MMR,2015,60.5
Nauru,NRU,2015,99.0
Netherlands,NLD,2015,100.0
New Caledonia,NCL,2015,100.0
New Zealand,NZL,2015,100.0
North Macedonia,MKD,2015,100.0
Northern Mariana Islands,MNP,2015,100.0
Norway,NOR,2015,100.0
Palau,PLW,2015,99.3692398071289
Papua New Guinea,PNG,2015,42.8782196044922
Philippines,PHL,2015,89.0800018310547
Poland,POL,2015,100.0
Portugal,PRT,2015,100.0
Romania,ROU,2015,100.0
Russian Federation,RUS,2015,95.5
Samoa,WSM,2015,99.0670852661133
San Marino,SMR,2015,100.0
Serbia,SRB,2015,99.9000015258789
Singapore,SGP,2015,100.0
Slovak Republic,SVK,2015,100.0
Slovenia,SVN,2015,100.0
Solomon Islands,SLB,2015,55.0999984741211
Spain,ESP,2015,100.0
Sweden,SWE,2015,100.0
Switzerland,CHE,2015,100.0
Tajikistan,TJK,2015,98.0
Thailand,THA,2015,99.5999984741211
Timor-Leste,TLS,2015,67.2815322875977
Tonga,TON,2015,100.0
Turkiye,TUR,2015,100.0
Turkmenistan,TKM,2015,100.0
Tuvalu,TUV,2015,98.0148849487305
Ukraine,UKR,2015,100.0
United Kingdom,GBR,2015,100.0
Uzbekistan,UZB,2015,100.0
Vanuatu,VUT,2015,52.2051010131836
Vietnam,VNM,2015,99.8213043212891
Albania,ALB,2016,99.8899993896484
American Samoa,ASM,2016,95.04234984548468
Andorra,AND,2016,100.0
Armenia,ARM,2016,99.8000030517578
Australia,AUS,2016,100.0
Austria,AUT,2016,100.0
Azerbaijan,AZE,2016,100.0
Belarus,BLR,2016,100.0
Belgium,BEL,2016,100.0
Bosnia and Herzegovina,BIH,2016,100.0
Brunei Darussalam,BRN,2016,100.0
Bulgaria,BGR,2016,100.0
Cambodia,KHM,2016,69.5443115234375
Channel Islands,CHI,2016,100.0
China,CHN,2016,100.0
Croatia,HRV,2016,100.0
Cyprus,CYP,2016,100.0
Czechia,CZE,2016,100.0
Denmark,DNK,2016,100.0
Estonia,EST,2016,100.0
Faroe Islands,FRO,2016,100.0
Fiji,FJI,2016,96.5617446899414
Finland,FIN,2016,100.0
France,FRA,2016,100.0
French Polynesia,PYF,2016,100.0
Georgia,GEO,2016,100.0
Germany,DEU,2016,100.0
Gibraltar,GIB,2016,100.0
Greece,GRC,2016,100.0
Greenland,GRL,2016,100.0
Guam,GUM,2016,100.0
"Hong Kong SAR, China",HKG,2016,100.0
Hungary,HUN,2016,100.0
Iceland,ISL,2016,100.0
Indonesia,IDN,2016,97.620002746582
Ireland,IRL,2016,100.0
Isle of Man,IMN,2016,100.0
Italy,ITA,2016,100.0
Japan,JPN,2016,100.0
Kazakhstan,KAZ,2016,100.0
Kiribati,KIR,2016,92.7996139526367
"Korea, Dem. People's Rep.",PRK,2016,42.9607353210449
"Korea, Rep.",KOR,2016,100.0
Kosovo,XKX,2016,99.8000030517578
Kyrgyz Republic,KGZ,2016,99.7099990844727
Lao PDR,LAO,2016,90.5495300292969
Latvia,LVA,2016,100.0
Liechtenstein,LIE,2016,100.0
Lithuania,LTU,2016,100.0
Luxembourg,LUX,2016,100.0
"Macao SAR, China",MAC,2016,100.0
Malaysia,MYS,2016,99.9000015258789
Marshall Islands,MHL,2016,93.3688278198242
"Micronesia, Fed. Sts.",FSM,2016,75.9620132446289
Moldova,MDA,2016,100.0
Monaco,MCO,2016,100.0
Mongolia,MNG,2016,89.8384094238281
Montenegro,MNE,2016,100.0
Myanmar,MMR,2016,55.5999984741211
Nauru,NRU,2016,99.7128829956055
Netherlands,NLD,2016,100.0
New Caledonia,NCL,2016,100.0
New Zealand,NZL,2016,100.0
North Macedonia,MKD,2016,100.0
Northern Mariana Islands,MNP,2016,100.0
Norway,NOR,2016,100.0
Palau,PLW,2016,100.0
Papua New Guinea,PNG,2016,49.4000015258789
Philippines,PHL,2016,92.0665054321289
Poland,POL,2016,100.0
Portugal,PRT,2016,100.0
Romania,ROU,2016,99.0999984741211
Russian Federation,RUS,2016,100.0
Samoa,WSM,2016,99.623291015625
San Marino,SMR,2016,100.0
Serbia,SRB,2016,100.0
Singapore,SGP,2016,100.0
Slovak Republic,SVK,2016,100.0
Slovenia,SVN,2016,100.0
Solomon Islands,SLB,2016,58.3271942138672
Spain,ESP,2016,100.0
Sweden,SWE,2016,100.0
Switzerland,CHE,2016,100.0
Tajikistan,TJK,2016,99.2083129882813
Thailand,THA,2016,99.8499603271484
Timor-Leste,TLS,2016,76.5
Tonga,TON,2016,97.0199966430664
Turkiye,TUR,2016,100.0
Turkmenistan,TKM,2016,99.9898986816406
Tuvalu,TUV,2016,97.3000030517578
Ukraine,UKR,2016,100.0
United Kingdom,GBR,2016,100.0
Uzbekistan,UZB,2016,100.0
Vanuatu,VUT,2016,57.8199996948242
Vietnam,VNM,2016,99.1999969482422
Albania,ALB,2017,99.8899993896484
American Samoa,ASM,2017,95.66453821282637
Andorra,AND,2017,100.0
Armenia,ARM,2017,99.6999969482422
Australia,AUS,2017,100.0
Austria,AUT,2017,100.0
Azerbaijan,AZE,2017,100.0
Belarus,BLR,2017,100.0
Belgium,BEL,2017,100.0
Bosnia and Herzegovina,BIH,2017,100.0
Brunei Darussalam,BRN,2017,100.0
Bulgaria,BGR,2017,100.0
Cambodia,KHM,2017,89.0699996948242
Channel Islands,CHI,2017,100.0
China,CHN,2017,100.0
Croatia,HRV,2017,100.0
Cyprus,CYP,2017,100.0
Czechia,CZE,2017,100.0
Denmark,DNK,2017,100.0
Estonia,EST,2017,100.0
Faroe Islands,FRO,2017,100.0
Fiji,FJI,2017,96.0
Finland,FIN,2017,100.0
France,FRA,2017,100.0
French Polynesia,PYF,2017,100.0
Georgia,GEO,2017,100.0
Germany,DEU,2017,100.0
Gibraltar,GIB,2017,100.0
Greece,GRC,2017,100.0
Greenland,GRL,2017,100.0
Guam,GUM,2017,100.0
"Hong Kong SAR, China",HKG,2017,100.0
Hungary,HUN,2017,100.0
Iceland,ISL,2017,100.0
Indonesia,IDN,2017,98.1399993896484
Ireland,IRL,2017,100.0
Isle of Man,IMN,2017,100.0
Italy,ITA,2017,100.0
Japan,JPN,2017,100.0
Kazakhstan,KAZ,2017,100.0
Kiribati,KIR,2017,86.1764450073242
"Korea, Dem. People's Rep.",PRK,2017,45.2928771972656
"Korea, Rep.",KOR,2017,100.0
Kosovo,XKX,2017,99.8000030517578
Kyrgyz Republic,KGZ,2017,100.0
Lao PDR,LAO,2017,93.5999984741211
Latvia,LVA,2017,100.0
Liechtenstein,LIE,2017,100.0
Lithuania,LTU,2017,100.0
Luxembourg,LUX,2017,100.0
"Macao SAR, China",MAC,2017,100.0
Malaysia,MYS,2017,99.9524841308594
Marshall Islands,MHL,2017,94.2973480224609
"Micronesia, Fed. Sts.",FSM,2017,77.9439086914063
Moldova,MDA,2017,99.9800033569336
Monaco,MCO,2017,100.0
Mongolia,MNG,2017,92.512565612793
Montenegro,MNE,2017,100.0
Myanmar,MMR,2017,69.8148345947266
Nauru,NRU,2017,99.8700408935547
Netherlands,NLD,2017,100.0
New Caledonia,NCL,2017,100.0
New Zealand,NZL,2017,100.0
North Macedonia,MKD,2017,100.0
Northern Mariana Islands,MNP,2017,100.0
Norway,NOR,2017,100.0
Palau,PLW,2017,100.0
Papua New Guinea,PNG,2017,54.4000015258789
Philippines,PHL,2017,93.0
Poland,POL,2017,100.0
Portugal,PRT,2017,100.0
Romania,ROU,2017,100.0
Russian Federation,RUS,2017,100.0
Samoa,WSM,2017,96.8000030517578
San Marino,SMR,2017,100.0
Serbia,SRB,2017,100.0
Singapore,SGP,2017,100.0
Slovak Republic,SVK,2017,100.0
Slovenia,SVN,2017,100.0
Solomon Islands,SLB,2017,62.9000015258789
Spain,ESP,2017,100.0
Sweden,SWE,2017,100.0
Switzerland,CHE,2017,100.0
Tajikistan,TJK,2017,99.3000030517578
Thailand,THA,2017,99.9000015258789
Timor-Leste,TLS,2017,79.7789611816406
Tonga,TON,2017,98.361572265625
Turkiye,TUR,2017,100.0
Turkmenistan,TKM,2017,99.9962463378906
Tuvalu,TUV,2017,98.8538360595703
Ukraine,UKR,2017,100.0
United Kingdom,GBR,2017,100.0
Uzbekistan,UZB,2017,100.0
Vanuatu,VUT,2017,62.7999992370605
Vietnam,VNM,2017,100.0
Albania,ALB,2018,100.0
American Samoa,ASM,2018,94.87105415745785
Andorra,AND,2018,100.0
Armenia,ARM,2018,99.9000015258789
Australia,AUS,2018,100.0
Austria,AUT,2018,100.0
Azerbaijan,AZE,2018,100.0
Belarus,BLR,2018,100.0
Belgium,BEL,2018,100.0
Bosnia and Herzegovina,BIH,2018,100.0
Brunei Darussalam,BRN,2018,100.0
Bulgaria,BGR,2018,100.0
Cambodia,KHM,2018,81.0756530761719
Channel Islands,CHI,2018,100.0
China,CHN,2018,100.0
Croatia,HRV,2018,100.0
Cyprus,CYP,2018,100.0
Czechia,CZE,2018,100.0
Denmark,DNK,2018,100.0
Estonia,EST,2018,100.0
Faroe Islands,FRO,2018,100.0
Fiji,FJI,2018,99.3725051879883
Finland,FIN,2018,100.0
France,FRA,2018,100.0
French Polynesia,PYF,2018,100.0
Georgia,GEO,2018,99.9000015258789
Germany,DEU,2018,100.0
Gibraltar,GIB,2018,100.0
Greece,GRC,2018,100.0
Greenland,GRL,2018,100.0
Guam,GUM,2018,100.0
"Hong Kong SAR, China",HKG,2018,100.0
Hungary,HUN,2018,100.0
Iceland,ISL,2018,100.0
Indonesia,IDN,2018,98.5100021362305
Ireland,IRL,2018,100.0
Isle of Man,IMN,2018,100.0
Italy,ITA,2018,100.0
Japan,JPN,2018,100.0
Kazakhstan,KAZ,2018,100.0
Kiribati,KIR,2018,88.1031646728516
"Korea, Dem. People's Rep.",PRK,2018,47.6309547424316
"Korea, Rep.",KOR,2018,100.0
Kosovo,XKX,2018,94.87105415745785
Kyrgyz Republic,KGZ,2018,100.0
Lao PDR,LAO,2018,97.7971572875977
Latvia,LVA,2018,100.0
Liechtenstein,LIE,2018,100.0
Lithuania,LTU,2018,100.0
Luxembourg,LUX,2018,100.0
"Macao SAR, China",MAC,2018,100.0
Malaysia,MYS,2018,99.9922409057617
Marshall Islands,MHL,2018,95.9162902832031
"Micronesia, Fed. Sts.",FSM,2018,79.7029113769531
Moldova,MDA,2018,99.9899978637695
Monaco,MCO,2018,100.0
Mongolia,MNG,2018,98.0999984741211
Montenegro,MNE,2018,100.0
Myanmar,MMR,2018,66.2272796630859
Nauru,NRU,2018,99.92822265625
Netherlands,NLD,2018,100.0
New Caledonia,NCL,2018,100.0
New Zealand,NZL,2018,100.0
North Macedonia,MKD,2018,99.8000030517578
Northern Mariana Islands,MNP,2018,100.0
Norway,NOR,2018,100.0
Palau,PLW,2018,100.0
Papua New Guinea,PNG,2018,55.7273864746094
Philippines,PHL,2018,94.4482650756836
Poland,POL,2018,100.0
Portugal,PRT,2018,100.0
Romania,ROU,2018,100.0
Russian Federation,RUS,2018,100.0
Samoa,WSM,2018,99.9944763183594
San Marino,SMR,2018,100.0
Serbia,SRB,2018,100.0
Singapore,SGP,2018,100.0
Slovak Republic,SVK,2018,100.0
Slovenia,SVN,2018,100.0
Solomon Islands,SLB,2018,66.1797637939453
Spain,ESP,2018,100.0
Sweden,SWE,2018,100.0
Switzerland,CHE,2018,100.0
Tajikistan,TJK,2018,99.3000030517578
Thailand,THA,2018,99.8199996948242
Timor-Leste,TLS,2018,85.3814010620117
Tonga,TON,2018,99.132568359375
Turkiye,TUR,2018,100.0
Turkmenistan,TKM,2018,100.0
Tuvalu,TUV,2018,99.0653839111328
Ukraine,UKR,2018,100.0
United Kingdom,GBR,2018,100.0
Uzbekistan,UZB,2018,100.0
Vanuatu,VUT,2018,61.7545127868652
Vietnam,VNM,2018,100.0
Albania,ALB,2019,100.0
American Samoa,ASM,2019,96.23557847675524
Andorra,AND,2019,100.0
Armenia,ARM,2019,100.0
Australia,AUS,2019,100.0
Austria,AUT,2019,100.0
Azerbaijan,AZE,2019,100.0
Belarus,BLR,2019,100.0
Belgium,BEL,2019,100.0
Bosnia and Herzegovina,BIH,2019,100.0
Brunei Darussalam,BRN,2019,100.0
Bulgaria,BGR,2019,100.0
Cambodia,KHM,2019,84.0
Channel Islands,CHI,2019,100.0
China,CHN,2019,100.0
Croatia,HRV,2019,100.0
Cyprus,CYP,2019,100.0
Czechia,CZE,2019,100.0
Denmark,DNK,2019,100.0
Estonia,EST,2019,100.0
Faroe Islands,FRO,2019,100.0
Fiji,FJI,2019,99.7158813476563
Finland,FIN,2019,100.0
France,FRA,2019,100.0
French Polynesia,PYF,2019,100.0
Georgia,GEO,2019,100.0
Germany,DEU,2019,100.0
Gibraltar,GIB,2019,100.0
Greece,GRC,2019,100.0
Greenland,GRL,2019,100.0
Guam,GUM,2019,100.0
"Hong Kong SAR, China",HKG,2019,100.0
Hungary,HUN,2019,100.0
Iceland,ISL,2019,100.0
Indonesia,IDN,2019,98.8499984741211
Ireland,IRL,2019,100.0
Isle of Man,IMN,2019,100.0
Italy,ITA,2019,100.0
Japan,JPN,2019,100.0
Kazakhstan,KAZ,2019,100.0
Kiribati,KIR,2019,90.0328521728516
"Korea, Dem. People's Rep.",PRK,2019,49.9720001220703
"Korea, Rep.",KOR,2019,100.0
Kosovo,XKX,2019,100.0
Kyrgyz Republic,KGZ,2019,99.8742370605469
Lao PDR,LAO,2019,99.0920867919922
Latvia,LVA,2019,100.0
Liechtenstein,LIE,2019,100.0
Lithuania,LTU,2019,100.0
Luxembourg,LUX,2019,100.0
"Macao SAR, China",MAC,2019,100.0
Malaysia,MYS,2019,100.0
Marshall Islands,MHL,2019,97.538200378418
"Micronesia, Fed. Sts.",FSM,2019,81.2767333984375
Moldova,MDA,2019,100.0
Monaco,MCO,2019,100.0
Mongolia,MNG,2019,97.2299118041992
Montenegro,MNE,2019,100.0
Myanmar,MMR,2019,68.358528137207
Nauru,NRU,2019,100.0
Netherlands,NLD,2019,100.0
New Caledonia,NCL,2019,100.0
New Zealand,NZL,2019,100.0
North Macedonia,MKD,2019,100.0
Northern Mariana Islands,MNP,2019,100.0
Norway,NOR,2019,100.0
Palau,PLW,2019,100.0
Papua New Guinea,PNG,2019,59.6629753112793
Philippines,PHL,2019,95.6450805664063
Poland,POL,2019,100.0
Portugal,PRT,2019,100.0
Romania,ROU,2019,100.0
Russian Federation,RUS,2019,100.0
Samoa,WSM,2019,99.1999969482422
San Marino,SMR,2019,100.0
Serbia,SRB,2019,99.8000030517578
Singapore,SGP,2019,100.0
Slovak Republic,SVK,2019,100.0
Slovenia,SVN,2019,100.0
Solomon Islands,SLB,2019,69.8094177246094
Spain,ESP,2019,100.0
Sweden,SWE,2019,100.0
Switzerland,CHE,2019,100.0
Tajikistan,TJK,2019,99.6332092285156
Thailand,THA,2019,99.9000015258789
Timor-Leste,TLS,2019,90.7986526489258
Tonga,TON,2019,98.4000015258789
Turkiye,TUR,2019,100.0
Turkmenistan,TKM,2019,99.9000015258789
Tuvalu,TUV,2019,99.6999969482422
Ukraine,UKR,2019,100.0
United Kingdom,GBR,2019,100.0
Uzbekistan,UZB,2019,100.0
Vanuatu,VUT,2019,64.5901870727539
Vietnam,VNM,2019,99.4000015258789
Albania,ALB,2020,100.0
American Samoa,ASM,2020,95.48847696404708
Andorra,AND,2020,100.0
Armenia,ARM,2020,100.0
Australia,AUS,2020,100.0
Austria,AUT,2020,100.0
Azerbaijan,AZE,2020,100.0
Belarus,BLR,2020,100.0
Belgium,BEL,2020,100.0
Bosnia and Herzegovina,BIH,2020,100.0
Brunei Darussalam,BRN,2020,100.0
Bulgaria,BGR,2020,99.6999969482422
Cambodia,KHM,2020,86.4000015258789
Channel Islands,CHI,2020,100.0
China,CHN,2020,100.0
Croatia,HRV,2020,100.0
Cyprus,CYP,2020,100.0
Czechia,CZE,2020,100.0
Denmark,DNK,2020,100.0
Estonia,EST,2020,100.0
Faroe Islands,FRO,2020,100.0
Fiji,FJI,2020,100.0
Finland,FIN,2020,100.0
France,FRA,2020,100.0
French Polynesia,PYF,2020,100.0
Georgia,GEO,2020,100.0
Germany,DEU,2020,100.0
Gibraltar,GIB,2020,100.0
Greece,GRC,2020,100.0
Greenland,GRL,2020,100.0
Guam,GUM,2020,100.0
"Hong Kong SAR, China",HKG,2020,100.0
Hungary,HUN,2020,100.0
Iceland,ISL,2020,100.0
Indonesia,IDN,2020,96.9499969482422
Ireland,IRL,2020,100.0
Isle of Man,IMN,2020,100.0
Italy,ITA,2020,100.0
Japan,JPN,2020,100.0
Kazakhstan,KAZ,2020,100.0
Kiribati,KIR,2020,91.9630279541016
"Korea, Dem. People's Rep.",PRK,2020,52.3135452270508
"Korea, Rep.",KOR,2020,100.0
Kosovo,XKX,2020,95.48847696404708
Kyrgyz Republic,KGZ,2020,99.9810485839844
Lao PDR,LAO,2020,100.0
Latvia,LVA,2020,100.0
Liechtenstein,LIE,2020,100.0
Lithuania,LTU,2020,100.0
Luxembourg,LUX,2020,100.0
"Macao SAR, China",MAC,2020,100.0
Malaysia,MYS,2020,100.0
Marshall Islands,MHL,2020,99.1606063842773
"Micronesia, Fed. Sts.",FSM,2020,82.9259185791016
Moldova,MDA,2020,100.0
Monaco,MCO,2020,100.0
Mongolia,MNG,2020,98.0999984741211
Montenegro,MNE,2020,100.0
Myanmar,MMR,2020,70.3971939086914
Nauru,NRU,2020,100.0
Netherlands,NLD,2020,100.0
New Caledonia,NCL,2020,100.0
New Zealand,NZL,2020,100.0
North Macedonia,MKD,2020,100.0
Northern Mariana Islands,MNP,2020,100.0
Norway,NOR,2020,100.0
Palau,PLW,2020,100.0
Papua New Guinea,PNG,2020,60.4000015258789
Philippines,PHL,2020,96.8423843383789
Poland,POL,2020,100.0
Portugal,PRT,2020,100.0
Romania,ROU,2020,100.0
Russian Federation,RUS,2020,100.0
Samoa,WSM,2020,100.0
San Marino,SMR,2020,100.0
Serbia,SRB,2020,100.0
Singapore,SGP,2020,100.0
Slovak Republic,SVK,2020,100.0
Slovenia,SVN,2020,100.0
Solomon Islands,SLB,2020,73.3464813232422
Spain,ESP,2020,100.0
Sweden,SWE,2020,100.0
Switzerland,CHE,2020,100.0
Tajikistan,TJK,2020,99.779296875
Thailand,THA,2020,100.0
Timor-Leste,TLS,2020,96.1233139038086
Tonga,TON,2020,100.0
Turkiye,TUR,2020,100.0
Turkmenistan,TKM,2020,100.0
Tuvalu,TUV,2020,99.6892318725586
Ukraine,UKR,2020,100.0
United Kingdom,GBR,2020,100.0
Uzbekistan,UZB,2020,100.0
Vanuatu,VUT,2020,67.3332672119141
Vietnam,VNM,2020,100.0
Albania,ALB,2021,0.0
American Samoa,ASM,2021,0.0
Andorra,AND,2021,0.0
Armenia,ARM,2021,0.0
Australia,AUS,2021,0.0
Austria,AUT,2021,0.0
Azerbaijan,AZE,2021,0.0
Belarus,BLR,2021,0.0
Belgium,BEL,2021,0.0
Bosnia and Herzegovina,BIH,2021,0.0
Brunei Darussalam,BRN,2021,0.0
Bulgaria,BGR,2021,0.0
Cambodia,KHM,2021,0.0
Channel Islands,CHI,2021,0.0
China,CHN,2021,0.0
Croatia,HRV,2021,0.0
Cyprus,CYP,2021,0.0
Czechia,CZE,2021,0.0
Denmark,DNK,2021,0.0
Estonia,EST,2021,0.0
Faroe Islands,FRO,2021,0.0
Fiji,FJI,2021,0.0
Finland,FIN,2021,0.0
France,FRA,2021,0.0
French Polynesia,PYF,2021,0.0
Georgia,GEO,2021,0.0
Germany,DEU,2021,0.0
Gibraltar,GIB,2021,0.0
Greece,GRC,2021,0.0
Greenland,GRL,2021,0.0
Guam,GUM,2021,0.0
"Hong Kong SAR, China",HKG,2021,0.0
Hungary,HUN,2021,0.0
Iceland,ISL,2021,0.0
Indonesia,IDN,2021,0.0
Ireland,IRL,2021,0.0
Isle of Man,IMN,2021,0.0
Italy,ITA,2021,0.0
Japan,JPN,2021,0.0
Kazakhstan,KAZ,2021,0.0
Kiribati,KIR,2021,0.0
"Korea, Dem. People's Rep.",PRK,2021,0.0
"Korea, Rep.",KOR,2021,0.0
Kosovo,XKX,2021,0.0
Kyrgyz Republic,KGZ,2021,0.0
Lao PDR,LAO,2021,0.0
Latvia,LVA,2021,0.0
Liechtenstein,LIE,2021,0.0
Lithuania,LTU,2021,0.0
Luxembourg,LUX,2021,0.0
"Macao SAR, China",MAC,2021,0.0
Malaysia,MYS,2021,0.0
Marshall Islands,MHL,2021,0.0
"Micronesia, Fed. Sts.",FSM,2021,0.0
Moldova,MDA,2021,0.0
Monaco,MCO,2021,0.0
Mongolia,MNG,2021,0.0
Montenegro,MNE,2021,0.0
Myanmar,MMR,2021,0.0
Nauru,NRU,2021,0.0
Netherlands,NLD,2021,0.0
New Caledonia,NCL,2021,0.0
New Zealand,NZL,2021,0.0
North Macedonia,MKD,2021,0.0
Northern Mariana Islands,MNP,2021,0.0
Norway,NOR,2021,0.0
Palau,PLW,2021,0.0
Papua New Guinea,PNG,2021,0.0
Philippines,PHL,2021,0.0
Poland,POL,2021,0.0
Portugal,PRT,2021,0.0
Romania,ROU,2021,0.0
Russian Federation,RUS,2021,0.0
Samoa,WSM,2021,0.0
San Marino,SMR,2021,0.0
Serbia,SRB,2021,0.0
Singapore,SGP,2021,0.0
Slovak Republic,SVK,2021,0.0
Slovenia,SVN,2021,0.0
Solomon Islands,SLB,2021,0.0
Spain,ESP,2021,0.0
Sweden,SWE,2021,0.0
Switzerland,CHE,2021,0.0
Tajikistan,TJK,2021,0.0
Thailand,THA,2021,0.0
Timor-Leste,TLS,2021,0.0
Tonga,TON,2021,0.0
Turkiye,TUR,2021,0.0
Turkmenistan,TKM,2021,0.0
Tuvalu,TUV,2021,0.0
Ukraine,UKR,2021,0.0
United Kingdom,GBR,2021,0.0
Uzbekistan,UZB,2021,0.0
Vanuatu,VUT,2021,0.0
Vietnam,VNM,2021,0.0
